Occupation,Region,Salary,Performance Ratings,Sales,Age
Engineer,South,94829,85,421,34
Sales,West,73073,62,543,23
Analyst,West,84446,79,418,33
Analyst,North,70591,66,508,33
Manager,West,121676,83,280,40
Analyst,North,72717,68,481,34
Analyst,West,81219,72,488,34
Engineer,North,88891,77,375,27
Analyst,East,85799,72,354,41
Engineer,East,81129,70,476,32
Manager,North,101271,75,281,38
Engineer,East,82292,62,425,33
Manager,South,107020,89,285,41
Engineer,North,91168,69,413,32
Manager,North,104241,73,290,39
Analyst,North,67308,67,523,33
Analyst,East,63585,56,523,35
Analyst,West,84970,73,414,36
Manager,East,90307,72,349,40
Sales,South,67593,75,675,28
Manager,West,121988,84,253,36
Sales,East,56426,48,643,23
Analyst,West,82772,81,413,34
Analyst,West,87004,73,455,33
Manager,West,114477,91,256,39
Engineer,East,77110,65,453,28
Manager,West,120380,94,244,36
Engineer,West,104413,88,359,28
Sales,South,64197,76,583,29
Engineer,North,89499,75,436,29
Analyst,West,80714,78,464,31
Engineer,South,94167,92,409,31
Sales,North,62282,59,638,26
Manager,East,94157,76,361,41
Engineer,North,92245,73,387,27
Engineer,South,94294,98,423,31
Engineer,East,83349,73,482,32
Engineer,West,79705,70,479,33
Analyst,South,73497,91,532,38
Analyst,North,70196,73,489,33
Sales,West,70943,61,486,23
Sales,North,60604,63,611,26
Engineer,West,109877,81,344,27
Analyst,South,73941,92,491,37
Sales,North,58860,55,553,23
Engineer,East,78164,70,458,30
Manager,South,110860,100,312,44
Manager,North,102528,80,300,39
Sales,North,60377,65,551,23
Engineer,West,104665,88,381,30
Manager,East,91208,65,351,43
Manager,West,121416,90,256,36
Sales,South,65823,76,620,28
Analyst,South,76880,78,481,35
Sales,West,74879,66,527,25
Manager,South,114372,89,316,39
Analyst,West,82004,75,432,36
Analyst,North,68600,71,458,37
Analyst,West,83790,71,490,33
Sales,West,73831,61,576,26
Sales,South,63593,68,687,25
Sales,South,64560,71,692,25
Sales,West,73245,64,586,21
Engineer,East,79227,64,480,29
Analyst,North,72524,71,472,35
Engineer,South,101246,90,385,31
Engineer,North,93613,69,381,30
Engineer,East,79984,64,460,31
Analyst,East,64884,65,500,36
Manager,North,102768,78,324,37
Manager,West,114710,92,260,38
Sales,North,62289,54,630,27
Sales,North,57389,60,614,25
Analyst,West,85931,82,411,33
Analyst,West,85807,74,453,31
Manager,North,101169,82,275,38
Manager,East,92526,71,326,39
Analyst,West,81236,78,449,31
Analyst,West,79826,72,439,32
Sales,East,52157,51,644,24
Engineer,South,98198,94,397,31
Analyst,West,83929,80,491,32
Manager,South,114495,99,322,41
Analyst,South,76247,76,556,37
Manager,West,117295,93,269,41
Engineer,East,81317,60,404,30
Manager,East,86711,75,324,42
Analyst,East,63611,60,520,35
Analyst,South,75379,85,573,34
Sales,North,60131,61,554,26
Analyst,South,78387,80,555,34
Analyst,North,69345,74,499,34
Engineer,South,95222,85,405,32
Analyst,North,71318,65,511,32
Engineer,East,79958,62,458,28
Analyst,South,111687,91,331,42
Analyst,West,86081,81,419,34
Engineer,East,79860,71,459,29
Analyst,North,67303,67,536,35
Manager,West,123096,94,259,41
Manager,South,113577,103,300,42
Engineer,North,94357,82,438,29
Manager,South,105150,90,315,44
Engineer,South,98395,86,441,34
Analyst,West,85091,77,424,31
Analyst,South,75474,79,559,36
Analyst,West,81961,81,420,35
Manager,North,97549,80,284,40
Engineer,North,92332,73,407,30
Engineer,South,94155,82,389,29
Analyst,West,86384,72,479,34
Sales,North,61866,59,637,27
Sales,East,52373,50,717,26
Engineer,North,85835,69,434,32
Engineer,West,104008,74,388,28
Manager,North,103900,77,298,38
Sales,West,70502,68,560,26
Engineer,West,110541,85,387,30
Sales,South,66113,71,690,28
Manager,South,108827,102,342,40
Sales,South,65745,73,569,26
Analyst,West,93198,72,348,42
Engineer,West,103161,74,353,29
Sales,South,63887,74,685,26
Engineer,North,90127,71,410,31
Engineer,North,91925,75,406,27
Analyst,West,122018,82,268,36
Analyst,West,86143,78,426,31
Analyst,South,75553,75,543,39
Manager,North,104622,83,302,37
Manager,South,106472,89,312,42
Sales,West,69244,59,492,24
Engineer,East,77960,71,432,29
Engineer,South,101581,84,429,29
Analyst,South,75334,79,558,36
Manager,North,102508,84,327,39
Sales,North,61206,65,600,26
Manager,South,114526,103,314,41
Analyst,South,79211,76,569,36
Engineer,North,90684,72,419,31
Manager,East,88699,76,347,42
Sales,East,51905,52,718,25
Analyst,North,72877,66,468,33
Engineer,South,102591,88,394,30
Sales,South,63752,67,663,27
Sales,West,68992,65,499,25
Analyst,South,77088,84,533,35
Manager,West,123526,91,259,39
Analyst,West,62222,62,510,34
Analyst,West,80209,76,472,36
Manager,North,96154,84,284,42
Sales,East,54824,56,616,23
Analyst,West,63135,58,574,37
Engineer,West,105387,87,358,27
Sales,East,54204,52,702,26
Engineer,East,84968,64,411,32
Sales,North,61941,59,615,25
Manager,North,100580,81,300,40
Manager,West,91503,75,309,40
Engineer,North,87233,82,425,27
Engineer,North,89125,70,438,29
Engineer,North,89453,76,395,32
Engineer,North,89202,76,434,31
Analyst,South,73779,85,541,38
Manager,East,88645,72,356,43
Manager,East,91031,72,325,43
Analyst,South,73274,84,536,36
Analyst,North,72935,64,487,33
Analyst,West,82204,82,467,34
Engineer,North,93794,79,399,32
Sales,West,72578,62,524,24
Engineer,North,94410,70,390,29
Analyst,East,62544,68,515,36
Engineer,East,81930,68,398,30
Analyst,East,65147,68,511,34
Analyst,West,84465,81,420,34
Manager,South,107198,100,343,43
Analyst,West,85443,83,482,34
Sales,West,69361,66,504,25
Engineer,West,84955,63,459,29
Manager,North,97006,86,326,41
Analyst,North,73015,76,467,35
Sales,North,58280,60,540,27
Manager,East,90179,72,307,39
Engineer,East,78881,74,412,30
Sales,West,72163,63,529,24
Analyst,West,93841,78,306,40
Engineer,East,80792,61,422,30
Engineer,East,82442,61,463,32
Engineer,West,104713,76,349,30
Sales,West,53624,51,714,26
Manager,South,109691,103,328,42
Sales,East,52953,50,685,25
Sales,East,51413,57,616,24
Engineer,West,112712,79,367,30
Sales,West,71459,71,525,24
Analyst,West,84087,73,450,35
Analyst,South,78045,76,530,38
Analyst,West,115177,79,277,39
Manager,East,86485,77,301,39
Sales,East,51929,56,699,27
Analyst,West,80837,83,405,32
Sales,East,55472,55,699,24
Engineer,East,82056,68,430,32
Analyst,West,79964,83,441,36
Analyst,West,85790,75,440,35
Analyst,West,88569,68,303,42
Sales,South,69249,65,585,27
Engineer,East,82291,73,405,33
Engineer,West,106949,77,388,28
Manager,North,104739,75,298,42
Manager,North,99005,80,297,41
Engineer,West,108020,89,373,26
Engineer,West,80749,64,422,30
Analyst,South,77367,83,545,37
Analyst,West,83646,74,448,35
Sales,West,73009,61,561,26
Sales,South,64356,79,660,27
Manager,West,123285,94,271,39
Engineer,East,81182,72,404,31
Analyst,West,83661,76,484,32
Analyst,West,83751,74,417,31
Analyst,West,84732,76,493,31
Sales,West,73119,62,513,22
Analyst,North,73423,74,526,34
Engineer,West,79448,64,475,33
Analyst,East,60136,66,601,35
Engineer,South,94665,92,389,31
Manager,South,111039,103,338,42
Analyst,West,117952,89,270,39
Engineer,North,86465,78,425,27
Engineer,West,104520,87,329,30
Manager,West,117889,91,257,41
Analyst,West,87275,75,416,32
Engineer,West,108846,79,373,28
Analyst,South,76692,88,538,39
Analyst,South,114123,103,339,41
Analyst,East,65720,66,568,38
Analyst,West,80507,72,448,33
Sales,West,74638,66,539,25
Engineer,West,108013,83,335,31
Analyst,West,86523,72,421,35
Analyst,North,73471,64,516,35
Sales,North,60520,63,648,25
Analyst,West,85319,83,448,35
Engineer,South,98359,85,397,30
Sales,South,64394,76,667,29
Analyst,East,63832,60,573,34
Sales,East,52101,52,706,24
Analyst,West,80965,82,417,36
Engineer,South,101107,96,399,34
Engineer,South,103724,90,415,31
Analyst,South,80268,75,488,35
Analyst,East,60941,68,540,35
Analyst,South,114531,103,345,41
Engineer,North,89468,75,415,31
Manager,East,92133,78,354,40
Engineer,West,104593,81,333,27
Manager,West,114649,95,258,37
Manager,South,112910,98,291,42
Engineer,South,98818,94,423,34
Manager,North,101206,79,298,42
Manager,North,98586,87,327,39
Sales,West,68402,68,490,26
Engineer,West,110696,74,387,26
Analyst,South,73286,82,545,34
Analyst,West,82792,76,441,31
Analyst,South,74184,81,520,34
Manager,East,93512,75,300,39
Sales,South,69015,67,650,27
Engineer,East,81660,63,473,29
Engineer,West,106737,80,359,27
Manager,West,120147,91,245,40
Manager,East,89806,65,304,43
Manager,East,91421,78,307,43
Analyst,East,61669,60,531,35
Engineer,West,111899,86,383,26
Manager,East,94471,67,313,43
Manager,East,86196,67,318,39
Sales,South,67468,68,576,27
Sales,West,75208,60,509,21
Engineer,East,82576,65,420,31
Sales,East,54368,58,715,24
Engineer,North,87596,79,417,27
Analyst,West,84354,75,423,33
Manager,South,110801,102,342,40
Analyst,West,63728,68,545,36
Engineer,East,84827,62,400,29
Analyst,West,81894,82,409,35
Sales,West,54700,57,686,26
Sales,East,51403,56,720,27
Analyst,East,62707,66,504,36
Sales,North,59563,58,617,26
Sales,South,65010,77,640,26
Sales,North,60634,63,545,22
Analyst,West,88922,72,320,39
Engineer,North,87020,80,430,32
Manager,West,121635,87,290,37
Analyst,West,120536,86,256,40
Engineer,West,103106,88,324,31
Engineer,South,103126,83,429,34
Analyst,North,70339,76,470,34
Analyst,West,125909,91,283,36
Manager,East,93813,76,318,41
Sales,West,70594,71,499,21
Sales,South,65880,65,675,24
Engineer,South,96931,89,382,34
Engineer,South,102914,85,427,34
Sales,South,65398,75,577,28
Engineer,South,101506,91,435,33
Sales,North,60741,58,612,26
Engineer,South,97994,89,443,31
Sales,East,54728,51,677,28
Manager,North,102511,87,294,37
Analyst,North,100042,77,297,38
Sales,North,62024,62,555,23
Analyst,West,64687,60,549,34
Engineer,South,96803,88,435,30
Engineer,North,88705,69,361,27
Sales,West,73135,61,546,23
Sales,North,58893,62,550,23
Engineer,South,98428,92,424,30
Analyst,South,78126,76,537,39
Sales,South,64290,68,595,24
Analyst,South,77035,78,537,37
Engineer,South,94302,91,429,29
Sales,West,71060,63,585,23
Analyst,East,65663,67,515,34
Engineer,North,88761,80,420,28
Manager,North,97134,73,313,38
Engineer,South,101626,97,422,33
Manager,East,93800,78,342,38
Engineer,South,96834,84,407,30
Sales,East,53131,58,599,27
Manager,East,93256,68,330,39
Analyst,West,80706,69,473,33
Sales,West,71863,71,563,25
Analyst,South,110901,96,294,43
Engineer,North,85797,73,388,29
Analyst,East,62928,58,573,38
Analyst,South,77818,85,562,39
Sales,West,71804,66,576,25
Manager,South,107841,88,313,41
Engineer,West,108545,77,358,29
Engineer,South,96423,83,450,33
Engineer,North,94059,78,395,29
Analyst,South,80271,77,476,37
Sales,West,70515,67,589,22
Analyst,North,97313,78,298,42
Sales,South,69224,74,666,24
Sales,West,75316,64,586,24
Manager,South,110432,86,324,43
Manager,East,94219,65,328,41
Manager,West,118228,92,263,38
Sales,South,68632,65,587,29
Engineer,North,90272,73,418,31
Sales,East,54357,51,605,27
Sales,North,59621,55,559,23
Engineer,West,108590,89,328,28
Sales,South,67638,65,691,25
Sales,West,52541,56,664,26
Sales,West,74963,61,573,25
Engineer,North,91425,75,393,27
Sales,South,66244,67,645,29
Engineer,North,89616,80,373,28
Analyst,North,68985,68,461,34
Analyst,North,70642,68,486,35
Manager,North,104916,72,316,39
Manager,East,85805,77,345,38
Engineer,South,98047,95,417,29
Engineer,South,98778,96,386,33
Manager,South,109053,101,293,42
Manager,West,90336,69,330,42
Engineer,South,101455,82,404,30
Manager,West,124043,90,257,36
Manager,West,116483,83,247,36
Sales,North,58266,56,546,27
Engineer,West,77854,66,427,31
Sales,South,65017,73,656,24
Manager,West,119634,95,272,38
Engineer,West,79665,72,473,32
Sales,South,66967,73,582,27
Analyst,South,73271,76,489,36
Engineer,South,100061,88,413,33
Engineer,North,91631,75,370,29
Manager,East,88413,67,349,40
Analyst,South,80317,90,557,39
Engineer,West,112311,86,394,26
Sales,East,54375,51,690,26
Analyst,West,65302,66,563,33
Manager,South,107556,105,291,41
Engineer,West,111606,80,332,27
Engineer,East,81629,71,472,30
Sales,West,72131,61,504,25
Engineer,South,96207,86,381,30
Sales,East,51891,53,640,23
Engineer,North,89182,72,428,31
Engineer,North,92675,79,410,27
Sales,West,55267,52,673,25
Analyst,East,87308,73,338,40
Analyst,South,78999,85,480,34
Manager,North,101396,73,313,37
Sales,East,52439,50,684,25
Analyst,East,63519,62,596,36
Manager,West,87062,77,337,38
Engineer,West,103463,82,379,31
Sales,West,69271,71,557,22
Manager,West,124381,83,247,37
Manager,South,112623,90,286,42
Sales,North,57128,63,586,24
Manager,North,98736,85,291,40
Engineer,West,106538,82,363,28
Engineer,West,103968,85,353,29
Analyst,South,109330,94,306,44
Manager,South,108315,93,285,43
Engineer,South,100975,84,380,29
Manager,West,125651,96,253,36
Engineer,East,77590,68,463,29
Sales,North,57153,59,599,23
Engineer,South,96804,84,406,31
Manager,North,99406,79,278,41
Engineer,North,91765,80,382,29
Engineer,North,85863,70,384,27
Manager,East,88606,65,308,40
Sales,North,62812,63,631,22
Analyst,West,83341,81,449,33
Sales,North,58681,62,658,23
Sales,South,64950,70,688,29
Sales,East,52161,55,673,26
Analyst,North,68218,66,480,32
Manager,North,101912,78,275,39
Sales,West,72985,60,570,24
Manager,North,96560,78,275,42
Analyst,East,65234,61,541,38
Analyst,North,69836,73,518,36
Sales,West,74999,68,514,24
Engineer,North,92082,71,391,28
Manager,North,99282,77,321,40
Manager,North,101140,82,300,37
Sales,South,68366,79,606,25
Engineer,West,111090,84,334,26
Analyst,East,86971,70,327,39
Engineer,South,97660,91,402,30
Manager,East,86282,68,301,40
Engineer,North,92742,68,385,29
Engineer,West,105067,75,324,29
Sales,North,59011,62,632,23
Sales,South,64504,71,596,26
Engineer,North,88445,76,386,29
Sales,West,70846,69,572,22
Analyst,North,70291,66,509,32
Manager,South,114275,96,321,39
Sales,East,54727,51,598,26
Sales,East,54797,58,671,24
Analyst,North,72010,66,468,36
Analyst,West,118088,94,294,39
Sales,West,74534,72,507,26
Engineer,North,93198,77,387,31
Analyst,East,63999,59,561,38
Analyst,West,86907,69,427,33
Engineer,North,92434,76,408,30
Analyst,East,61126,57,580,38
Analyst,East,65424,67,541,33
Manager,West,122384,81,296,38
Manager,East,86424,73,361,39
Manager,West,115240,92,275,40
Analyst,North,69583,66,477,33
Analyst,South,110708,92,293,41
Analyst,West,65833,67,583,37
Engineer,North,87635,72,419,32
Analyst,East,60197,59,582,37
Analyst,West,114152,84,261,39
Manager,North,102334,86,288,39
Manager,South,112495,88,332,39
Analyst,West,87198,77,411,31
Engineer,North,92695,75,421,30
Manager,South,109755,92,298,40
Analyst,East,60155,68,528,37
Manager,West,114471,87,269,40
Sales,East,56587,55,682,28
Engineer,West,112312,84,327,29
Engineer,South,97628,85,401,32
Sales,North,60699,55,653,27
Analyst,North,72193,64,539,33
Analyst,West,80491,79,419,36
Sales,East,55163,57,699,24
Analyst,North,69472,68,460,34
Sales,North,60355,58,569,25
Sales,West,73292,70,571,22
Manager,East,94449,67,325,41
Manager,East,92528,77,329,43
Engineer,North,89370,75,429,31
Analyst,West,85673,80,477,32
Analyst,North,71709,72,474,35
Manager,South,111358,88,302,40
Analyst,West,87777,83,447,31
Manager,East,88277,73,318,42
Engineer,West,105662,86,393,27
Analyst,South,74949,77,516,35
Analyst,West,62852,63,589,34
Sales,North,59689,54,556,25
Sales,West,72214,72,525,24
Analyst,North,95686,75,277,37
Analyst,North,67024,71,461,33
Engineer,East,80405,61,481,29
Engineer,South,102099,90,415,34
Sales,South,62874,73,568,28
Engineer,South,101955,83,441,34
Analyst,South,78082,80,548,38
Manager,East,88081,77,340,43
Manager,South,114155,97,332,40
Sales,East,54446,53,630,24
Analyst,South,75940,83,530,34
Manager,North,97863,82,319,42
Engineer,South,102293,89,449,31
Manager,South,105534,99,291,43
Sales,North,59668,65,623,22
Engineer,East,82009,62,467,31
Analyst,North,73384,73,519,37
Sales,South,66154,76,661,24
Manager,South,108767,87,285,43
Manager,West,87096,65,319,43
Analyst,West,88065,77,474,34
Analyst,West,62331,65,578,38
Sales,West,74249,67,586,26
Manager,North,95640,87,329,40
Engineer,East,84779,69,454,28
Engineer,South,96949,87,434,32
Engineer,West,105621,89,359,31
Analyst,North,71132,69,518,37
Manager,East,86568,78,301,41
Manager,North,99603,74,326,39
Engineer,West,108437,74,381,28
Manager,West,120775,91,277,39
Analyst,West,83426,74,441,35
Analyst,East,64007,65,594,35
Analyst,North,103676,80,309,39
Manager,South,107855,93,294,40
Manager,West,119335,88,256,40
Manager,West,122183,92,265,36
Analyst,West,91091,76,323,41
Sales,South,68033,68,632,25
Manager,West,116016,79,269,36
Engineer,North,93595,79,405,31
Sales,North,58569,57,610,25
Engineer,East,77112,65,465,33
Analyst,West,87464,80,453,36
Sales,South,67094,73,616,29
Analyst,East,64241,67,527,38
Engineer,South,100290,87,449,34
Manager,West,122125,93,252,41
Sales,West,71374,63,486,24
Engineer,West,110586,76,358,31
Manager,South,112662,92,301,40
Engineer,East,82863,70,476,33
Manager,East,87732,72,338,38
Analyst,South,75168,77,543,37
Sales,North,61608,58,651,23
Analyst,West,80810,80,415,36
Analyst,South,108809,92,300,43
Engineer,East,83711,67,412,28
Sales,South,65201,70,623,29
Sales,West,74455,65,563,21
Sales,East,51523,53,691,25
Manager,West,114678,80,248,39
Sales,North,58726,59,641,25
Analyst,North,67013,74,479,36
Manager,West,117093,93,253,37
Analyst,East,62948,61,575,33
Sales,East,56148,50,625,27
Engineer,North,89619,72,421,31
Engineer,North,87074,82,410,32
Manager,West,121696,94,247,38
Sales,West,70766,65,574,23
Manager,South,106008,96,289,44
Analyst,North,104564,74,272,42
Analyst,East,89306,69,335,42
Engineer,South,102147,90,411,33
Engineer,South,94850,83,404,32
Analyst,West,82161,84,481,33
Engineer,North,90719,71,380,31
Engineer,North,90091,74,419,30
Analyst,East,64429,62,576,33
Sales,North,59188,65,658,23
Engineer,North,88137,75,380,29
Manager,South,106221,97,317,41
Engineer,West,102877,76,356,31
Analyst,South,76329,90,506,37
Analyst,North,68829,76,471,37
Engineer,West,105097,89,362,29
Manager,North,95266,84,329,38
Analyst,West,114926,90,293,39
Manager,South,107112,89,322,44
Manager,West,119164,86,275,39
Engineer,East,81870,71,457,29
Analyst,West,80593,78,489,32
Analyst,West,80001,70,480,31
Sales,North,57539,62,560,27
Analyst,West,80331,79,428,35
Analyst,South,76161,87,487,39
Manager,East,93240,74,315,42
Manager,West,125433,94,249,41
Manager,East,89225,75,336,43
Manager,West,125591,91,282,37
Sales,West,72923,66,576,23
Manager,North,100212,76,275,37
Analyst,West,82505,82,471,31
Analyst,East,65254,60,558,33
Manager,North,101757,72,278,41
Engineer,West,106048,75,359,31
Sales,North,62109,65,587,25
Engineer,North,94362,68,423,29
Engineer,West,105287,85,365,28
Analyst,South,77633,80,558,34
Engineer,North,91894,70,364,27
Analyst,South,76968,77,510,35
Sales,South,65078,69,661,26
Sales,South,64588,66,608,29
Engineer,South,99298,84,433,34
Sales,South,65012,73,631,29
Analyst,South,79244,85,475,37
Analyst,South,79911,80,476,35
Engineer,West,111456,74,353,30
Manager,South,114039,88,346,44
Analyst,South,75016,79,500,36
Analyst,West,87814,80,492,33
Engineer,North,86296,71,413,30
Engineer,West,103424,81,357,30
Manager,North,102209,78,285,38
Analyst,West,61599,62,496,37
Manager,West,121070,82,273,37
Manager,North,103288,86,300,39
Sales,West,68833,68,513,25
Sales,East,56094,55,698,24
Manager,North,100231,72,300,42
Analyst,East,63609,64,528,34
Analyst,East,61210,61,501,36
Engineer,West,104613,80,391,28
Sales,West,73752,72,495,25
Sales,East,56268,57,596,23
Manager,North,100548,86,319,37
Manager,West,123148,89,265,36
Analyst,North,67886,70,457,33
Analyst,West,115317,96,267,38
Sales,East,55919,58,697,23
Analyst,South,77981,87,553,36
Analyst,North,103219,83,303,40
Sales,East,54642,57,648,25
Engineer,West,79484,72,449,32
Engineer,North,93773,67,362,27
Engineer,South,95898,82,406,32
Manager,East,86067,69,326,39
Sales,South,65431,78,639,25
Sales,East,55835,50,701,26
Analyst,South,79536,75,555,36
Analyst,North,96102,80,277,39
Manager,East,89036,77,314,43
Manager,West,92923,66,309,43
Engineer,North,88675,70,378,29
Analyst,North,69200,63,525,37
Analyst,East,63984,56,596,34
Analyst,West,63520,67,567,34
Manager,South,104592,90,309,44
Analyst,West,59886,65,534,36
Sales,North,61088,60,636,24
Manager,South,112752,103,303,39
Engineer,East,81917,71,439,31
Manager,West,125823,95,268,39
Engineer,South,100230,93,418,31
Manager,North,102054,84,319,38
Analyst,North,97475,84,322,39
Analyst,North,95153,82,325,37
Engineer,North,93206,76,388,30
Engineer,South,98189,84,456,34
Engineer,East,81560,74,473,29
Engineer,East,84298,64,417,32
Sales,West,70392,72,561,22
Sales,West,69346,68,584,26
Sales,North,58898,64,650,27
Analyst,East,59910,58,580,33
Manager,West,125215,90,277,39
Engineer,South,102520,85,398,29
Engineer,South,99323,93,411,33
Manager,South,113189,101,326,43
Manager,North,96299,86,320,39
Analyst,West,83408,71,415,34
Sales,East,53987,53,661,28
Analyst,East,60189,65,591,33
Engineer,East,82945,65,430,32
Analyst,West,87778,76,484,31
Analyst,West,119776,87,276,40
Sales,South,65517,76,680,28
Manager,East,90429,75,361,39
Manager,West,125520,89,287,40
Manager,North,98714,76,292,40
Engineer,South,99498,88,410,33
Analyst,West,124275,80,247,40
Engineer,East,83625,72,445,33
Analyst,North,71609,69,484,36
Sales,West,53604,50,679,27
Analyst,North,70873,69,517,34
Analyst,West,61311,64,538,35
Engineer,South,95044,81,399,34
Sales,North,57639,61,554,27
Manager,East,94182,64,303,40
Sales,West,69538,61,503,24
Engineer,East,78051,60,431,33
Analyst,North,72138,63,536,35
Sales,West,73161,68,517,24
Manager,South,106639,86,311,42
Sales,West,71985,70,558,25
Manager,North,99840,87,325,37
Analyst,North,67884,75,511,37
Engineer,West,104021,80,350,31
Engineer,South,97166,95,389,31
Sales,West,72836,72,529,24
Engineer,East,80041,70,426,29
Manager,West,114574,94,254,41
Engineer,West,103355,85,331,26
Manager,South,104555,94,289,42
Sales,South,66475,73,650,24
Analyst,North,67775,68,481,36
Engineer,East,78133,66,470,30
Manager,North,100845,84,288,42
Sales,West,73297,65,549,25
Analyst,South,73714,78,535,39
Sales,West,73908,59,537,23
Engineer,East,81656,60,445,30
Sales,North,58583,61,547,26
Engineer,East,81529,60,409,31
Sales,West,70545,65,499,21
Manager,South,106462,98,322,42
Analyst,West,114580,94,292,37
Analyst,West,60976,58,568,37
Analyst,North,71786,76,465,32
Sales,East,53576,52,618,24
Analyst,East,63515,60,502,33
Manager,South,112440,103,288,42
Sales,West,75358,65,509,22
Sales,North,62862,60,631,25
Engineer,East,82831,68,431,28
Analyst,East,63231,63,505,34
Sales,East,55060,54,650,25
Engineer,North,91469,71,402,27
Manager,West,114815,92,256,39
Analyst,West,66127,68,495,34
Sales,East,52001,55,656,23
Manager,North,97335,73,310,37
Manager,West,124632,92,258,36
Manager,South,111734,96,319,41
Manager,South,113244,97,318,44
Sales,North,59088,58,612,25
Analyst,North,101770,73,285,38
Analyst,South,79337,89,508,35
Engineer,West,113086,88,395,31
Analyst,East,65606,59,519,38
Analyst,West,79918,80,432,36
Analyst,East,64213,67,535,36
Analyst,North,67150,69,481,37
Engineer,South,103590,98,395,32
Analyst,North,72956,76,542,32
Sales,West,70736,64,499,21
Sales,North,58398,54,544,27
Engineer,North,86305,69,439,27
Sales,South,65647,71,636,25
Analyst,East,61403,67,567,33
Manager,East,90748,64,320,43
Sales,North,58506,59,638,22
Analyst,South,79235,79,492,34
Sales,West,70316,62,590,25
Analyst,North,97113,84,295,37
Sales,West,53265,50,713,26
Engineer,North,85830,70,374,27
Analyst,West,86165,71,480,33
Sales,North,61517,63,612,27
Analyst,East,91710,72,336,39
Manager,West,118471,85,279,39
Sales,South,67530,70,634,25
Analyst,West,114420,90,287,37
Sales,West,72067,71,494,24
Analyst,East,93181,71,343,42
Manager,West,125757,84,262,40
Sales,South,65157,75,664,29
Analyst,East,65727,59,541,35
Sales,East,53174,49,663,23
Analyst,West,87847,70,441,36
Manager,South,105087,104,306,39
Analyst,West,93469,65,358,42
Analyst,West,81987,70,471,35
Manager,West,119818,81,286,40
Sales,West,73724,71,552,22
Sales,North,58469,58,656,24
Engineer,South,97985,97,454,33
Manager,East,92006,76,332,41
Analyst,South,80191,76,520,35
Manager,North,97736,79,317,39
Analyst,South,73480,81,539,36
Manager,West,116037,96,248,40
Analyst,East,64902,60,506,36
Sales,North,59934,55,546,26
Manager,West,120751,95,273,38
Analyst,East,63705,57,510,36
Sales,East,52311,55,674,27
Sales,West,74885,66,503,23
Sales,North,59309,55,557,24
Manager,North,101231,80,310,41
Analyst,West,121377,88,280,39
Manager,South,114348,105,342,41
Analyst,West,82562,84,412,35
Sales,South,67665,74,568,27
Analyst,West,85514,73,477,34
Engineer,North,85812,74,380,28
Engineer,North,94452,81,379,29
Analyst,North,67086,69,515,36
Sales,South,66618,74,650,27
Sales,West,70492,63,491,24
Sales,East,55265,54,597,24
Engineer,South,96747,86,452,33
Sales,North,60277,65,582,22
Analyst,North,67951,75,458,36
Sales,North,61949,60,653,27
Manager,South,105145,88,330,41
Sales,North,60878,64,650,22
Manager,North,100432,85,313,37
Analyst,East,60979,66,579,35
Sales,North,58731,57,573,22
Engineer,North,91103,79,368,31
Engineer,East,80957,69,475,30
Analyst,South,74240,80,543,37
Analyst,South,75131,88,574,38
Sales,West,72474,66,583,23
Manager,West,123024,91,244,37
Engineer,East,83413,63,433,28
Sales,North,60540,62,635,27
Manager,East,91650,75,337,42
Manager,North,100617,78,310,37
Analyst,North,72532,71,503,32
Analyst,North,71354,64,534,36
Engineer,South,97961,94,406,29
Manager,South,115039,96,345,42
Sales,South,68491,75,657,29
Analyst,South,113417,91,338,43
Analyst,South,74193,78,574,35
Analyst,East,64350,61,554,36
Sales,West,74526,60,527,24
Analyst,North,68637,69,475,33
Engineer,South,99252,88,409,31
Manager,North,104201,83,321,38
Engineer,West,110833,89,388,29
Sales,West,74005,67,492,24
Analyst,West,88119,81,426,32
Sales,East,56029,57,605,24
Analyst,West,84792,74,445,36
Sales,West,68822,59,577,22
Engineer,North,90451,73,436,29
Engineer,North,93726,73,386,29
Engineer,West,103302,85,384,26
Engineer,West,105481,88,379,26
Analyst,North,68594,74,528,35
Sales,South,65366,77,614,25
Engineer,East,80585,61,398,29
Engineer,North,92001,72,388,29
Analyst,West,87380,76,446,32
Sales,North,60591,54,541,23
Analyst,West,63762,67,596,33
Analyst,North,69780,66,519,37
Engineer,North,89183,77,408,32
Engineer,South,96607,85,378,30
Sales,West,52524,50,709,24
Engineer,East,84380,66,468,32
Engineer,South,95052,85,415,30
Sales,North,61328,63,553,22
Engineer,West,77504,73,467,32
Sales,West,68850,64,565,25
Analyst,West,81906,78,412,36
Sales,East,52231,57,696,24
Analyst,West,84045,82,411,34
Engineer,South,95007,97,435,29
Analyst,West,82287,76,436,35
Sales,East,55627,52,666,23
Analyst,West,84471,82,471,32
Analyst,West,81892,73,453,32
Engineer,West,104944,88,364,31
Engineer,East,81531,68,476,33
Analyst,East,90708,75,334,39
Sales,West,53986,54,708,27
Analyst,South,75019,79,508,38
Engineer,East,82244,62,480,29
Sales,West,72752,59,563,21
Analyst,South,73506,76,477,39
Sales,North,57132,61,641,24
Engineer,West,106164,81,362,29
Manager,West,121713,88,260,39
Analyst,East,60182,57,569,33
Manager,West,121705,91,270,36
Analyst,South,111145,101,309,40
Engineer,East,83802,66,416,31
Analyst,South,74336,76,573,38
Manager,West,122463,81,255,41
Engineer,South,101562,96,380,33
Manager,East,86264,69,340,38
Manager,West,121145,93,296,38
Sales,West,72444,60,592,21
Analyst,North,69466,72,501,37
Sales,West,68754,70,495,22
Manager,West,125995,96,261,38
Sales,West,73446,59,563,22
Manager,South,111466,101,307,41
Sales,West,74766,65,502,22
Sales,South,65355,68,597,24
Engineer,West,108112,88,357,28
Manager,East,87057,67,347,38
Engineer,East,77604,69,434,28
Engineer,East,81796,61,422,31
Analyst,South,112954,89,311,43
Engineer,West,103588,84,379,26
Analyst,South,79315,76,548,35
Analyst,South,79871,84,569,38
Analyst,South,78051,87,540,34
Engineer,West,84266,72,478,28
Sales,West,74225,67,575,24
Sales,North,58355,65,658,22
Analyst,North,70826,67,510,37
Sales,West,71294,59,553,24
Engineer,North,94368,76,373,31
Sales,North,57606,55,542,24
Sales,East,55269,51,650,25
Manager,West,115933,84,275,40
Sales,North,61348,60,582,24
Analyst,West,84526,74,491,36
Engineer,South,95918,86,427,34
Manager,West,122952,85,286,40
Sales,North,59768,59,597,27
Analyst,North,70853,68,540,37
Sales,South,68698,66,573,28
Sales,West,56628,55,714,25
Sales,East,55480,48,638,27
Sales,North,58719,61,612,22
Manager,West,85810,66,355,39
Analyst,South,75690,83,572,36
Manager,North,103719,86,302,37
Engineer,North,92631,72,427,29
Engineer,East,82873,66,426,28
Sales,East,52578,54,681,24
Sales,South,66991,69,654,28
Analyst,South,74213,84,492,35
Manager,North,101438,85,302,40
Sales,South,63712,67,647,28
Manager,North,104344,83,307,37
Analyst,West,84448,72,479,32
Sales,North,59214,57,629,26
Sales,East,56219,56,696,25
Analyst,East,64912,60,596,37
Sales,South,63223,67,671,28
Engineer,West,109212,80,377,28
Analyst,North,73185,63,531,32
Analyst,North,70875,67,452,35
Sales,North,60794,57,595,26
Sales,North,58211,55,553,25
Manager,South,111689,88,343,43
Engineer,South,94890,97,385,34
Analyst,South,105899,102,285,42
Engineer,South,95999,93,438,34
Manager,South,107049,100,303,39
Sales,South,68807,74,690,25
Sales,South,63703,72,579,27
Analyst,East,64062,57,565,36
Sales,West,56150,54,619,24
Sales,North,61698,57,651,27
Sales,East,55298,51,598,24
Engineer,North,94137,74,365,28
Engineer,North,89869,72,369,31
Analyst,West,81185,83,452,33
Analyst,North,97611,85,291,39
Manager,West,115398,82,278,37
Analyst,North,73442,72,495,33
Manager,East,89356,75,336,40
Engineer,East,84294,67,412,30
Sales,East,52149,58,654,25
Manager,North,96611,74,289,38
Sales,North,57493,62,592,24
Analyst,North,68760,65,497,32
Analyst,West,125282,87,250,38
Sales,North,62761,57,649,25
Engineer,East,78648,70,407,31
Engineer,West,111885,86,381,28
Sales,North,60876,63,540,23
Engineer,West,104184,79,327,27
Engineer,West,107101,84,357,26
Analyst,West,83475,76,492,34
Manager,North,98293,73,316,37
Analyst,North,95570,76,283,40
Manager,South,112281,100,333,43
Engineer,West,111953,88,363,29
Sales,North,59780,55,614,23
Analyst,West,60026,61,564,33
Sales,South,62929,69,640,25
Engineer,West,108999,81,370,26
Manager,West,117860,93,283,37
Engineer,West,79938,73,425,28
